month,sales_revenue,material_costs,labor_costs,overhead_costs,utilities,depreciation,throughput,operating_expense,raw_materials_value,wip_value,finished_goods_value,total_inventory,units_produced,efficiency_pct,utilization_pct,net_profit,roi,inventory_turns,throughput_change,inventory_change,oe_change,np_change,throughput_pct_change,inventory_pct_change
1,2450000,980000,520000,380000,45000,75000,1470000,1020000,450000,680000,520000,1650000,12250,87,92,450000,0.2727272727272727,10.690909090909091,NA,NA,NA,NA,NA,NA
2,2380000,952000,525000,385000,47000,75000,1428000,1032000,475000,720000,495000,1690000,11900,89,94,396000,0.23431952662721894,10.139644970414201,-42000,40000,12000,-54000,-2.857142857142857,2.4242424242424243
3,2290000,916000,530000,390000,46000,75000,1374000,1041000,490000,760000,510000,1760000,11450,91,95,333000,0.18920454545454546,9.368181818181819,-54000,70000,9000,-63000,-3.7815126050420167,4.142011834319527
4,2210000,884000,535000,395000,48000,75000,1326000,1053000,510000,795000,525000,1830000,11050,93,96,273000,0.14918032786885246,8.695081967213115,-48000,70000,12000,-60000,-3.4934497816593884,3.977272727272727
5,2150000,860000,540000,400000,49000,75000,1290000,1064000,530000,825000,545000,1900000,10750,94,97,226000,0.11894736842105263,8.147368421052631,-36000,70000,11000,-47000,-2.7149321266968327,3.825136612021858
6,2180000,872000,545000,405000,50000,75000,1308000,1075000,520000,810000,535000,1865000,10900,95,98,233000,0.12493297587131368,8.416085790884718,18000,-35000,11000,7000,1.3953488372093024,-1.8421052631578945
